{
    "structure": {
        "depth_0": {
            "H": 0.9889705882352942,
            "V": 0.011029411764705883
        },
        "depth_1": {
            "H": 0.5905511811023622,
            "V": 0.4094488188976378
        },
        "depth_2": {
            "H": 0.3535714285714286,
            "V": 0.6464285714285715
        },
        "depth_3": {
            "H": 0.24742268041237114,
            "V": 0.7525773195876289
        },
        "depth_4": {
            "H": 0.0,
            "V": 1.0
        }
    },
    "importance": {
        "4": {
            "0": 0.4838045863880209,
            "1": 0.24349674630652104,
            "2": 0.17129197060612922,
            "3": 0.1244793856996671
        },
        "5": {
            "0": 0.3672282254606762,
            "1": 0.2188406881829416,
            "2": 0.16169686575593248,
            "3": 0.12258349277806924,
            "4": 0.09412607809533616
        },
        "6": {
            "0": 0.27401846417704023,
            "1": 0.1858790834484223,
            "2": 0.15276507189943336,
            "3": 0.12326428873465475,
            "4": 0.1014868176291538,
            "5": 0.08435709032379565
        }
    },
    "shape": {
        "mean": [
            0.003576431980478973,
            0.0031475382860417984,
            -0.025627973168265403,
            0.018723052150552647,
            -0.002978040136821821,
            -0.0029757692680681077,
            0.021078457758768786,
            -0.015806613417673046
        ],
        "std": [
            0.012972823694950411,
            0.014488582566862281,
            0.07876937403982705,
            0.07837526014876625,
            0.01775774237189981,
            0.016966498667817253,
            0.08145402374170112,
            0.06502731667440208
        ]
    }
}