{
    "structure": {
        "depth_0": {
            "H": 0.9663208122954003,
            "V": 0.03367918770459968
        },
        "depth_1": {
            "H": 0.5231766999562328,
            "V": 0.47682330004376716
        },
        "depth_2": {
            "H": 0.33396185755845276,
            "V": 0.6660381424415472
        },
        "depth_3": {
            "H": 0.2101081151491468,
            "V": 0.7898918848508532
        },
        "depth_4": {
            "H": 0.1805993690851735,
            "V": 0.8194006309148265
        },
        "depth_5": {
            "H": 0.2047244094488189,
            "V": 0.7952755905511811
        },
        "depth_6": {
            "H": 0.23809523809523808,
            "V": 0.7619047619047619
        },
        "depth_7": {
            "H": 0.0,
            "V": 1.0
        },
        "depth_8": {
            "H": 0.0,
            "V": 1.0
        },
        "depth_9": {
            "H": 0.0,
            "V": 1.0
        },
        "depth_10": {
            "H": 0.0,
            "V": 1.0
        }
    },
    "importance": {
        "5": {
            "0": 0.3099106396576216,
            "1": 0.18188918091990405,
            "2": 0.13199615229575565,
            "3": 0.09754874485012262,
            "4": 0.07289357773578647
        },
        "6": {
            "0": 0.2594361580979843,
            "1": 0.163443643644848,
            "2": 0.12035227048674339,
            "3": 0.09523610474333581,
            "4": 0.07607146752616806,
            "5": 0.05894124150169954
        },
        "4": {
            "0": 0.35987311310085396,
            "1": 0.20020322117484626,
            "2": 0.13922679495892787,
            "3": 0.09722021577585872
        },
        "8": {
            "0": 0.1748674223903698,
            "1": 0.12079578353740592,
            "2": 0.09783237775900594,
            "3": 0.08341653155312487,
            "4": 0.07295383297807026,
            "5": 0.06439451186980023,
            "6": 0.056816861819411736,
            "7": 0.04871858082009452
        },
        "7": {
            "0": 0.22725639467160588,
            "1": 0.14562939695033605,
            "2": 0.11022730250277554,
            "3": 0.08987370112156189,
            "4": 0.07491977274205697,
            "5": 0.06169593688760388,
            "6": 0.04886855590074555
        },
        "9": {
            "0": 0.20367313479425717,
            "1": 0.12956135185003786,
            "2": 0.09749325796559105,
            "3": 0.0796621512055269,
            "4": 0.0678092890278956,
            "5": 0.0578271605751247,
            "6": 0.049049423375005785,
            "7": 0.041798649998669266,
            "8": 0.03244955131505303
        },
        "3": {
            "0": 0.44155580745996575,
            "1": 0.2288775295828368,
            "2": 0.14740040438556443
        },
        "1": {
            "0": 0.7142978579466259
        },
        "2": {
            "0": 0.5349652498272532,
            "1": 0.23641960138063411
        },
        "10": {
            "0": 0.15374419480828183,
            "1": 0.10641790740944312,
            "2": 0.08743114648797846,
            "3": 0.07729046268344938,
            "4": 0.07029768744399943,
            "5": 0.06448282158076596,
            "6": 0.059548387480672836,
            "7": 0.05493212595993732,
            "8": 0.02717312961569309,
            "9": 0.0221660439072773
        },
        "11": {
            "0": 0.1866445192389032,
            "1": 0.12033134634236341,
            "2": 0.09081165002164598,
            "3": 0.07864759829021552,
            "4": 0.06608679908424635,
            "5": 0.055775077674849266,
            "6": 0.046645330724331135,
            "7": 0.04117699071346795,
            "8": 0.03635339884164283,
            "9": 0.030943585303386454,
            "10": 0.025058670013661282
        },
        "12": {
            "0": 0.1886646203453942,
            "1": 0.12768062919211648,
            "2": 0.09166289440775535,
            "3": 0.08147056087805785,
            "4": 0.06914395560102937,
            "5": 0.0556509471987102,
            "6": 0.04481267892392439,
            "7": 0.035710166496139895,
            "8": 0.030267055261009323,
            "9": 0.027304850194813917,
            "10": 0.02467419051457746,
            "11": 0.018542564515962333
        },
        "14": {
            "0": 0.2187100597015954,
            "1": 0.09053696985982353,
            "2": 0.06425517695167031,
            "3": 0.052489863130733755,
            "4": 0.04844097189925484,
            "5": 0.04660858421438835,
            "6": 0.04226583573621059,
            "7": 0.04079896099243138,
            "8": 0.031449959865921175,
            "9": 0.027724208256251787,
            "10": 0.02450796997350807,
            "11": 0.021293798681948608,
            "12": 0.0180648139535685,
            "13": 0.016812217295893227
        },
        "13": {
            "0": 0.11982347895286226,
            "1": 0.07618102708791946,
            "2": 0.06845874802343968,
            "3": 0.05868187972178298,
            "4": 0.05577982409905023,
            "5": 0.05402288159241,
            "6": 0.039438191796112014,
            "7": 0.0387932905466158,
            "8": 0.03669012701660829,
            "9": 0.03596357961533295,
            "10": 0.03398753604315877,
            "11": 0.03219338769520146,
            "12": 0.03143273493938548
        },
        "16": {
            "0": 0.09641273679967755,
            "1": 0.09307661302824544,
            "2": 0.07988094130778532,
            "3": 0.06494796349693567,
            "4": 0.060744736923697015,
            "5": 0.06052150187579448,
            "6": 0.06025382651742988,
            "7": 0.055716780867929576,
            "8": 0.050916193842433254,
            "9": 0.019905125104641427,
            "10": 0.014220899347864276,
            "11": 0.007937246147645178,
            "12": 0.005274961502289192,
            "13": 0.004272470777912128,
            "14": 0.0019843115369112944,
            "15": 0.0016535929474260772
        },
        "19": {
            "0": 0.04104010996393101,
            "1": 0.03533314730412673,
            "2": 0.03400200498144875,
            "3": 0.03106377701299104,
            "4": 0.0309304560816048,
            "5": 0.02709825442594488,
            "6": 0.025501503736086572,
            "7": 0.024692276687439934,
            "8": 0.02291879825132544,
            "9": 0.02244132328775617,
            "10": 0.021339616986533545,
            "11": 0.0211907936212652,
            "12": 0.020380533077026423,
            "13": 0.019105199516324077,
            "14": 0.01649458965057513,
            "15": 0.01602951663411156,
            "16": 0.012947632778346202,
            "17": 0.008780578550832486,
            "18": 0.00736675658078318
        },
        "20": {
            "0": 0.06521770584648458,
            "1": 0.046048429603447766,
            "2": 0.0402815241992993,
            "3": 0.03588296695914591,
            "4": 0.03497349083806156,
            "5": 0.034916648580493787,
            "6": 0.031219834847404395,
            "7": 0.027261546729503188,
            "8": 0.025895265556692405,
            "9": 0.024936181647185276,
            "10": 0.02390268605504395,
            "11": 0.022441323287756193,
            "12": 0.021021300344154035,
            "13": 0.020468380202358454,
            "14": 0.016148368627207782,
            "15": 0.01602951663411155,
            "16": 0.014865800597360439,
            "17": 0.014483407228268182,
            "18": 0.011781849750410826,
            "19": 0.007697475170268401
        }
    },
    "shape": {
        "mean": [
            0.006617262267066827,
            0.008611788771070874,
            -0.010838768548500324,
            0.00751096269563656,
            -0.006779968592323176,
            -0.008568482531745398,
            0.01122657690879575,
            -0.007985195480392972
        ],